stock,,,,,,for different number of attributes (150 days),stock,1,2,3,4,5,6,7,8,9,10,11,12,13,14,15,16,17,18,for different number of day (9 attributes),stock,5,10,15,20,25,30,35,40,45,50,55,60,65,70,75,80,85,90,95,100,105,110,115,120,125,130,135,140,145,150
5,0.12302804,0.042009592,0.04300952,0.042009354,0.043009996,,5,0.032007456,0.034008265,0.035007477,0.048010826,0.038008451,0.053011656,0.039008856,0.042009354,0.042009592,0.054012537,0.047010422,0.046010017,0.047010422,0.060013294,0.049010992,0.050011396,0.051011324,0.065014839,,5,0.0050015,0.016003609,0.007001638,0.008001804,0.010002375,0.011002541,0.029006481,0.014003277,0.016004086,0.025005579,0.01724267,0.020004272,0.037008286,0.0210042,0.023005724,0.024005175,0.025005579,0.027005911,0.02900672,0.030006886,0.033007622,0.046010733,0.043009281,0.036007881,0.036007881,0.038008213,0.040009022,0.041009188,0.054012299,0.043009758
10,0.04000926,0.04000926,0.040008545,0.040008545,0.040009022,,10,0.029006481,0.031006813,0.032006502,0.035007715,0.03500843,0.037008286,0.037008524,0.03800869,0.040008783,0.040009022,0.043010473,0.044010162,0.045009613,0.046010256,0.047009706,0.048010588,0.050011158,0.051011324,,10,0.0010006,0.002000332,0.004000664,0.005001307,0.00900197,0.008002043,0.00900197,0.010002136,0.01200223,0.01400423,0.015002966,0.016003609,0.017003298,0.019004345,0.020004272,0.021004677,0.023005247,0.025006056,0.026006222,0.027006388,0.028006554,0.029006243,0.031007051,0.033006907,0.034007311,0.03600812,0.037008286,0.039009094,0.039271593,0.040009022
15,0.041009426,0.041009188,0.041009188,0.042009592,0.041009188,,15,0.029258013,0.032007217,0.033007383,0.035007954,0.03600812,0.038008928,0.03800869,0.041280508,0.040008783,0.042008877,0.044009924,0.045009851,0.046010256,0.04701066,0.048012018,0.050011158,0.051010847,0.053011894,,15,0.0010004,0.002000809,0.004000664,0.006001234,0.006001472,0.008001566,0.010002136,0.011002302,0.012002468,0.014003277,0.015003443,0.017003775,0.018003941,0.019004107,0.020004272,0.022004843,0.024005175,0.025006056,0.027006626,0.028006077,0.029007196,0.030007362,0.032006741,0.034007788,0.035007954,0.037008524,0.03800869,0.040009022,0.041008711,0.041009188
20,0.043316364,0.042009592,0.042010307,0.04200983,0.042008877,,20,0.031007528,0.032007217,0.034008265,0.035007954,0.037008286,0.038008213,0.039008379,0.041008949,0.042009592,0.043009758,0.046010256,0.047010899,0.048353434,0.050011396,0.050011396,0.051011562,0.05201149,0.053011656,,20,0.0010002,0.003001213,0.004000664,0.00500083,0.007001638,0.009002686,0.010002375,0.011003256,0.013002872,0.014003277,0.015003443,0.017004013,0.018003941,0.020004272,0.021004677,0.023005724,0.025005579,0.026005745,0.028006554,0.030006647,0.030006647,0.031275034,0.034007788,0.035008669,0.035007954,0.03800869,0.038008451,0.04000926,0.041009188,0.043009996
25,0.043009996,0.044009924,0.044009686,0.043009758,0.043010235,,25,0.031007051,0.033007622,0.035007715,0.036288261,0.038008451,0.039008617,0.040009022,0.041009188,0.043009996,0.044010162,0.046009064,0.048010349,0.04901123,0.051011086,0.052011967,0.05201149,0.05401206,0.055012703,,25,0.0010006,0.002999783,0.002000332,0.006000996,0.007001877,0.009001732,0.010002375,0.01200223,0.013002872,0.015003443,0.016003132,0.018004179,0.019003868,0.020004034,0.022004843,0.023005247,0.025005817,0.027006149,0.02929163,0.029006243,0.030006647,0.031007051,0.034007549,0.035007477,0.037008047,0.038008928,0.039008617,0.041008949,0.043009281,0.044306755
30,0.04300952,0.044010639,0.045009851,0.044009686,0.045009851,,30,0.032007217,0.034008026,0.036008358,0.037009001,0.039009094,0.040011406,0.041009426,0.043009758,0.045010567,0.045009851,0.04701066,0.049010992,0.05001092,0.051011324,0.053012133,0.05401206,0.05601263,0.058012724,,30,0.0010002,0.002000332,0.004000902,0.006001234,0.008001804,0.009002209,0.011001587,0.012002468,0.013002872,0.015003681,0.016003609,0.018003941,0.020004511,0.021004915,0.022004604,0.024005175,0.025005817,0.027006149,0.028006315,0.029006481,0.031007051,0.033007145,0.035007477,0.03600812,0.038008451,0.039008856,0.04000926,0.042009354,0.043009043,0.043009996
35,0.04501009,0.045010328,0.046010256,0.045009613,0.04501009,,35,0.033007622,0.034007549,0.036007881,0.03800869,0.039008379,0.040009022,0.042009592,0.044010162,0.045263052,0.047009945,0.048010349,0.051011801,0.051011801,0.053011894,0.054012299,0.055012465,0.057013035,0.059013367,,35,0.0009999,0.003000736,0.005001068,0.006001234,0.007001877,0.00900197,0.010002613,0.013003349,0.013002872,0.015003204,0.017003536,0.018003941,0.020004511,0.021004438,0.023005009,0.023005247,0.026005983,0.029006481,0.030006886,0.03000617,0.032007217,0.033007622,0.035007715,0.037009001,0.037007809,0.04000926,0.042008877,0.044009924,0.044009447,0.046010017
40,0.04501009,0.046010733,0.046010256,0.046010017,0.046010733,,40,0.034007549,0.035007954,0.037008286,0.039008617,0.041008711,0.04200983,0.04300952,0.04501009,0.046010017,0.048010588,0.050012112,0.051011324,0.052011013,0.05401206,0.056012869,0.056273937,0.058013201,0.060013533,,40,0.0010006,0.003000498,0.004001141,0.006001234,0.008002281,0.009001732,0.011269808,0.01200223,0.014003515,0.016003847,0.017003775,0.01900363,0.020004749,0.021303654,0.023005247,0.025005579,0.026005745,0.027006149,0.030007124,0.031006098,0.033007383,0.034007788,0.03600812,0.03800869,0.038008928,0.038008928,0.042009354,0.044009686,0.046010494,0.046010494
45,0.046010256,0.047010899,0.048010826,0.04701066,0.047009945,,45,0.033007383,0.036008358,0.03700757,0.040008783,0.042009592,0.043009043,0.044010162,0.046010256,0.047010422,0.049010515,0.050255299,0.054012299,0.05401206,0.055012465,0.057012796,0.058012962,0.059013367,0.06101346,,45,0.0009992,0.003000736,0.004000664,0.006001472,0.0070014,0.00900197,0.011002779,0.012002707,0.015349388,0.016003847,0.017004013,0.019004107,0.020004034,0.022005081,0.023005247,0.026005983,0.027004957,0.029006243,0.031007051,0.031006813,0.034008026,0.035008669,0.03600812,0.03800869,0.039008856,0.042009592,0.043009758,0.044009686,0.04701066,0.047010422
50,0.051010847,0.052011728,0.05001092,0.050010681,0.050010681,,50,0.034007788,0.036008358,0.039009333,0.040008783,0.041008949,0.044010401,0.044009686,0.046010256,0.051010847,0.051010609,0.059013605,0.055012465,0.056012392,0.060013533,0.069014788,0.061013937,0.07001543,0.067015171,,50,0.0020003,0.00500083,0.006000996,0.008001804,0.009001732,0.013002634,0.013002872,0.014003515,0.016002893,0.019004107,0.024004698,0.020003796,0.023005009,0.025004864,0.025004625,0.027005434,0.035007477,0.031006575,0.032006979,0.042009592,0.03600812,0.039008617,0.04000926,0.05401206,0.042008877,0.044009686,0.046009779,0.051011324,0.055012226,0.049010754
55,0.054012537,0.050011158,0.057012558,0.050011158,0.051011801,,55,0.034007788,0.037008286,0.040009499,0.041008949,0.043009758,0.044009447,0.046010494,0.047273397,0.051011562,0.050274611,0.060013294,0.061013937,0.057363033,0.058013201,0.070015907,0.06901598,0.071015835,0.068015337,,55,0.0020003,0.003000498,0.00500083,0.007001162,0.011002541,0.010002375,0.012003183,0.011003494,0.01600337,0.016003132,0.019004583,0.025005579,0.024005413,0.02900672,0.025005817,0.032007694,0.033007383,0.030006647,0.033007622,0.034007311,0.036008358,0.038008451,0.039008617,0.041009665,0.046010494,0.045009851,0.048011303,0.050011635,0.053012371,0.051011562
60,0.058013201,0.051011562,0.061013699,0.051011562,0.057012796,,60,0.036007881,0.038008451,0.040009022,0.042009592,0.044010401,0.04501009,0.046010256,0.048011303,0.051011562,0.052011728,0.055011988,0.057013035,0.058012486,0.062014103,0.065015078,0.062014103,0.064014435,0.067014456,,60,0.0020006,0.003000736,0.005001068,0.007001638,0.009002209,0.010002136,0.012003183,0.014003038,0.016003609,0.018003941,0.020003796,0.028006554,0.02200532,0.027006149,0.026005983,0.028006315,0.02900672,0.032007694,0.033007145,0.036007881,0.036007881,0.04300952,0.041009903,0.046298027,0.047010183,0.05001092,0.046010256,0.058012724,0.054011583,0.052258253
65,0.053011894,0.052011728,0.054310799,0.056013107,0.053011417,,65,0.038007736,0.044009686,0.049010992,0.048010349,0.05001092,0.048010349,0.055011988,0.056012869,0.063280582,0.054012775,0.05601263,0.065013885,0.075016737,0.068262815,0.063014984,0.064014196,0.072016478,0.073016405,,65,0.0010002,0.004001141,0.004001379,0.007000923,0.01000309,0.010002136,0.012003422,0.014003277,0.016003609,0.020004749,0.020004511,0.026005983,0.030005932,0.028006792,0.03100729,0.03000617,0.03500843,0.036314249,0.035008192,0.035007477,0.037008524,0.040009022,0.041009665,0.04501009,0.052011728,0.051011324,0.048254251,0.050011158,0.054012299,0.053011894
70,0.060013533,0.05601263,0.067014217,0.055012465,0.053012133,,70,0.03800869,0.04000926,0.043009758,0.04501009,0.050011158,0.047010422,0.049010992,0.059013605,0.054012299,0.055012941,0.060013533,0.061014414,0.061013699,0.063014269,0.072016239,0.064014673,0.067014217,0.068015099,,70,0.0010002,0.004001141,0.006001472,0.0070014,0.008001804,0.011002779,0.012003183,0.014003277,0.01600337,0.017004013,0.021005154,0.021004677,0.02900672,0.03100729,0.027006626,0.03600812,0.031006813,0.033007383,0.037008047,0.037008524,0.037008286,0.04501009,0.043385267,0.04300952,0.057012796,0.047010422,0.056013107,0.056435585,0.058013201,0.058012724
75,0.063013554,0.055012226,0.055012465,0.065014362,0.057262897,,75,0.039009094,0.041009188,0.044260025,0.046010733,0.048011065,0.048011065,0.058013439,0.056012869,0.054012299,0.062014103,0.058012962,0.061013222,0.07101512,0.064014435,0.066015005,0.086019993,0.06901598,0.074016333,,75,0.0010014,0.003000498,0.005001068,0.008001804,0.008002043,0.011002779,0.013002872,0.014003515,0.017003775,0.018004179,0.020004988,0.022004843,0.024005413,0.02600646,0.037008762,0.030006647,0.033007383,0.033007622,0.048010588,0.042009592,0.038008451,0.046010017,0.043010235,0.048011303,0.048010826,0.04901123,0.055012465,0.052012205,0.067291021,0.054012775
80,0.055011749,0.074016571,0.062013865,0.058012962,0.063014507,,80,0.039008856,0.042009592,0.04501009,0.04701066,0.048010826,0.051011801,0.055012226,0.062268257,0.05601263,0.057012558,0.064014673,0.062014103,0.064013958,0.081018209,0.082018375,0.067014456,0.074259996,0.089281321,,80,0.0020006,0.003000498,0.00500083,0.00900197,0.009001732,0.011002302,0.012002707,0.015003443,0.017003059,0.02524972,0.021004677,0.023005486,0.024005413,0.030006886,0.033007622,0.030006886,0.037008286,0.035007715,0.035008192,0.037008524,0.039008617,0.046009541,0.044009924,0.04501009,0.060013533,0.049010992,0.055012465,0.054011822,0.059013128,0.05601263
85,0.062013865,0.057013035,0.057012558,0.056012154,0.06101346,,85,0.041009426,0.04300952,0.055012465,0.048011065,0.057012796,0.051011801,0.05601263,0.058013201,0.057012796,0.059013367,0.062014341,0.066015005,0.069015741,0.066015005,0.068014622,0.070015907,0.072016001,0.073016644,,85,0.0020003,0.003000736,0.005001307,0.007001877,0.009002209,0.011002541,0.013003111,0.017004251,0.017003775,0.018003941,0.024005651,0.023005486,0.024005413,0.026005745,0.02900672,0.032007456,0.032007456,0.039010525,0.042009592,0.048010826,0.050011158,0.043009996,0.045010567,0.047010183,0.048010588,0.050011635,0.055012226,0.053012133,0.067014694,0.05926156
90,0.07701683,0.058013201,0.059013367,0.061013937,0.057013035,,90,0.04000926,0.051011562,0.046010971,0.052011728,0.051011562,0.053012371,0.053012133,0.072016001,0.062287331,0.059013367,0.06301403,0.063014269,0.065014839,0.067014933,0.072015762,0.072278976,0.089020491,0.078017473,,90,0.0010002,0.003000975,0.005001068,0.009002447,0.012002945,0.011002302,0.013002634,0.015003204,0.018004417,0.019004583,0.02200532,0.023005009,0.029006481,0.029006004,0.030005932,0.032006979,0.033007383,0.039008856,0.05001092,0.04000926,0.042009354,0.051011324,0.049010754,0.053011894,0.061013699,0.050011158,0.063014746,0.063013792,0.05901289,0.058012724
95,0.062013626,0.058013201,0.064014196,0.058013439,0.059280872,,95,0.04000926,0.044010162,0.056012392,0.063013554,0.051011324,0.053012133,0.054011822,0.074015856,0.058012486,0.076016426,0.066015005,0.066015005,0.073016405,0.071015596,0.072292805,0.081018448,0.073016167,0.094021559,,95,0.0010002,0.003000498,0.006001234,0.007001638,0.00900197,0.011002541,0.013002634,0.016003847,0.018004656,0.023005486,0.026005507,0.023005247,0.026005983,0.034473896,0.034007549,0.032006979,0.033007145,0.035007954,0.042008877,0.038008451,0.053011894,0.043009043,0.054012537,0.056013107,0.062013388,0.052012444,0.064014196,0.062013149,0.057012081,0.061014175
100,0.066014767,0.073016167,0.061013937,0.059013128,0.06301403,,100,0.053011894,0.04501009,0.053011894,0.066014528,0.052012205,0.057012558,0.058012724,0.064296961,0.06301403,0.072015762,0.07001543,0.066015005,0.074015856,0.077017307,0.081018209,0.079017878,0.074016571,0.082018375,,100,0.0020008,0.004000425,0.006001472,0.008001566,0.00900197,0.012002945,0.017003298,0.019004345,0.019003391,0.020004511,0.022004604,0.026005507,0.02530098,0.034007788,0.031006575,0.038008213,0.034007311,0.037008524,0.040008783,0.049011707,0.042009354,0.044010162,0.049010754,0.05401206,0.050011635,0.055012465,0.055012465,0.064014196,0.064014673,0.064014196
105,0.065014124,0.075016975,0.064014435,0.067014694,0.072015762,,105,0.044009447,0.058013201,0.054011583,0.064014196,0.05901289,0.065014839,0.060013056,0.073016405,0.060013533,0.070015192,0.07801795,0.068318129,0.071016312,0.083017588,0.078017235,0.081017733,0.084019184,0.085018873,,105,0.0010002,0.004000664,0.006001234,0.0070014,0.010002136,0.014003277,0.015002966,0.01600337,0.019003391,0.020004272,0.030006647,0.030006886,0.03300786,0.031006336,0.031006336,0.038008213,0.041008949,0.037008286,0.05201149,0.042009354,0.047010422,0.048266411,0.053011656,0.057361841,0.052011251,0.064014196,0.057012558,0.058013201,0.065014362,0.071295738
110,0.070015192,0.065014601,0.064014196,0.064014196,0.07001543,,110,0.047010183,0.058012724,0.058013201,0.052011251,0.059012651,0.058012724,0.07001543,0.067015171,0.065014839,0.064014196,0.065310001,0.071015835,0.082018375,0.072016239,0.084018707,0.074015856,0.083018303,0.090020418,,110,0.0010004,0.00500083,0.006000996,0.008001328,0.010002136,0.013002872,0.019004107,0.023004532,0.019003868,0.020004272,0.027005672,0.03000617,0.027006149,0.035007715,0.031007528,0.033006668,0.041008949,0.047010899,0.048011065,0.050011158,0.048010588,0.05001092,0.050011396,0.05601263,0.058012724,0.05401206,0.055012226,0.069015503,0.066273212,0.069015503
115,0.06301403,0.066014528,0.070015907,0.064014435,0.064014435,,115,0.044009686,0.055011749,0.056013107,0.058012724,0.057013035,0.06801486,0.068015575,0.072015762,0.066014528,0.07226944,0.067015171,0.072016001,0.076322556,0.080017567,0.080018282,0.079017878,0.079017639,0.100022554,,115,0.0020006,0.003000736,0.00500083,0.011002541,0.014003038,0.016002893,0.018004179,0.018004179,0.021004677,0.021004438,0.030006409,0.026005745,0.035007715,0.032415628,0.040008783,0.034007072,0.041008711,0.046009779,0.051011324,0.041008949,0.056011915,0.051011086,0.058012962,0.055011988,0.055011749,0.058012962,0.062013626,0.06101346,0.062013865,0.069015503
120,0.069015265,0.067015409,0.079017401,0.081018209,0.071016073,,120,0.058013201,0.056012869,0.055012226,0.05932641,0.06601429,0.072290421,0.065014601,0.063014269,0.065014601,0.072016478,0.069015741,0.088019848,0.078017235,0.076017141,0.078017712,0.077017546,0.086018801,0.099021912,,120,0.0010006,0.004000902,0.008002043,0.009001732,0.010002613,0.01600337,0.017003775,0.019004583,0.020004749,0.028006077,0.029006481,0.030006409,0.030328274,0.033007145,0.035007715,0.037008047,0.046010256,0.048010588,0.048010826,0.049010754,0.04701066,0.053011179,0.052011967,0.054012299,0.064014435,0.066014767,0.060012579,0.065014839,0.06401372,0.067306757
125,0.080018044,0.075016499,0.072015762,0.083018541,0.074016809,,125,0.044009686,0.055011988,0.056012392,0.058012962,0.062013388,0.066014528,0.062013865,0.06801486,0.078017473,0.073016167,0.082275629,0.091020584,0.079017401,0.091019869,0.077017546,0.078017473,0.080017805,0.103023291,,125,0.0020003,0.003000736,0.006001472,0.009001732,0.013002634,0.016003609,0.016003609,0.019004107,0.022004843,0.023290157,0.033007622,0.027005672,0.030006647,0.037007809,0.036007881,0.036007404,0.044009686,0.048010588,0.045282841,0.049486637,0.06130743,0.050011635,0.057012796,0.05601263,0.061292171,0.062013865,0.063013792,0.062013865,0.065269947,0.065014362
130,0.07301569,0.076017618,0.068015099,0.075016737,0.069015503,,130,0.04701066,0.051011562,0.054011583,0.059013367,0.069015026,0.067014933,0.076016903,0.07001543,0.067014694,0.072269201,0.084018946,0.077017069,0.080275297,0.077017784,0.079017639,0.08401823,0.085019112,0.093020916,,130,0.0020003,0.005001783,0.006001472,0.00900197,0.011002779,0.015003681,0.02200532,0.024004936,0.020004272,0.026005507,0.025005817,0.027005911,0.035007715,0.033007145,0.034007549,0.037008047,0.046010256,0.042009354,0.052011728,0.045009613,0.048010588,0.052011967,0.05401206,0.06801486,0.057012796,0.06301403,0.061013222,0.065014362,0.072016239,0.068015337
135,0.077017069,0.071015835,0.080017567,0.07301569,0.072016478,,135,0.050011396,0.050011396,0.059013367,0.059328318,0.061013699,0.070351124,0.072016239,0.071015835,0.07001543,0.079018116,0.072016239,0.08701992,0.086019278,0.084278345,0.095021009,0.086019516,0.09402132,0.09202075,,135,0.0020003,0.003000498,0.006001711,0.009001732,0.012001991,0.014003515,0.020004749,0.019004345,0.025005579,0.023005486,0.030007124,0.029006243,0.030006647,0.033007622,0.036007881,0.038008213,0.042009592,0.048011065,0.053011894,0.049010754,0.048011065,0.067014694,0.058012724,0.055011988,0.063013554,0.065014124,0.068015337,0.065014601,0.072016001,0.074272871
140,0.07101655,0.070016384,0.090020657,0.071015596,0.070015907,,140,0.047010183,0.065014124,0.060013056,0.062014103,0.059013128,0.066014767,0.06601429,0.076016903,0.076017857,0.079017639,0.072287321,0.081018448,0.086019516,0.084018469,0.099022388,0.093020916,0.092020512,0.092307091,,140,0.0010004,0.007001638,0.006000996,0.009002209,0.012002707,0.014003277,0.016003609,0.019004583,0.022004604,0.024005651,0.025005817,0.028006077,0.036008358,0.044009924,0.034007311,0.040009022,0.039008379,0.045009851,0.048011065,0.047009945,0.054281473,0.062013626,0.058012962,0.056012154,0.058013201,0.061013222,0.087290764,0.069015741,0.069015503,0.07001543
145,0.073016167,0.080018044,0.073016405,0.082018614,0.082018137,,145,0.055012465,0.069015265,0.057012558,0.060013294,0.080017805,0.067014933,0.078017235,0.070015907,0.079017878,0.086019516,0.07701683,0.083018541,0.085018635,0.086019039,0.092020512,0.101022482,0.092294455,0.09702158,,145,0.0020008,0.00500083,0.006001472,0.011002779,0.013002396,0.018003464,0.017003775,0.020004272,0.030006409,0.023005009,0.026005507,0.031006575,0.03100729,0.03800869,0.043009281,0.039008141,0.050011396,0.043009758,0.04701066,0.056012392,0.05201149,0.053011894,0.060013294,0.064014435,0.059013128,0.071015596,0.065014124,0.076016665,0.072016239,0.078017473
150,0.081261396,0.075016975,0.076017141,0.079017639,0.07801795,,150,0.055011749,0.053011894,0.059013128,0.061012983,0.063013792,0.070016146,0.073015928,0.080018044,0.078017473,0.077017069,0.083018303,0.077293634,0.095020771,0.097022057,0.09702158,0.092020273,0.104023457,0.101022482,,150,0.0010004,0.004000664,0.006001472,0.01200223,0.012001276,0.014003038,0.019003868,0.021004677,0.026005983,0.024005413,0.027005911,0.030006647,0.031007528,0.034007788,0.039008856,0.048010588,0.048011065,0.049010515,0.046010256,0.058013439,0.05001092,0.062013626,0.058012724,0.076017141,0.061013222,0.06601429,0.076017141,0.067319155,0.087018728,0.084018946
155,0.078017473,0.077017307,0.073016405,0.074016809,0.073015928,,155,0.054011822,0.053011894,0.060013056,0.059013128,0.065014839,0.066015005,0.073015928,0.069015026,0.07701683,0.093020678,0.083018541,0.086019039,0.086018801,0.100022078,0.086018562,0.091020584,0.091020107,0.105022907,,155,0.0010002,0.004000902,0.006000996,0.00900197,0.012003183,0.018003941,0.017003298,0.020004272,0.022005081,0.02900672,0.036007643,0.031006575,0.031006336,0.039008141,0.039008856,0.04501009,0.041008949,0.053011656,0.054011822,0.054011583,0.055309057,0.060013294,0.067014694,0.059013128,0.060387135,0.087019444,0.066014528,0.078016996,0.072015762,0.078017473
160,0.086019516,0.078017712,0.07801795,0.080017328,0.076016665,,160,0.058012724,0.05701232,0.060013533,0.061014175,0.066014767,0.076016665,0.075016737,0.074370384,0.076017141,0.07601738,0.083018541,0.088019371,0.084018469,0.083262682,0.092020273,0.088285446,0.111024857,0.112024546,,160,0.0020006,0.004000425,0.0070014,0.00900197,0.012002945,0.015003443,0.022004843,0.022004366,0.024005175,0.024005413,0.03600812,0.032007217,0.040008783,0.035007238,0.038008451,0.047010422,0.04300952,0.045009851,0.053011656,0.05201149,0.057012081,0.073016405,0.05901289,0.060013533,0.078017235,0.064013958,0.068015099,0.084018469,0.082018375,0.086284637
165,0.075016737,0.087018251,0.078017473,0.078016996,0.078017235,,165,0.055011988,0.056012392,0.068015337,0.067015171,0.067015409,0.066014528,0.069015265,0.087018967,0.092336178,0.089019537,0.089019775,0.10802412,0.09902215,0.095020771,0.087019205,0.09702158,0.101022243,0.107308865,,165,0.0020003,0.004000902,0.007001638,0.009002209,0.014003038,0.0140028,0.017003298,0.019004107,0.02325964,0.024005175,0.034007311,0.030006647,0.037007809,0.036007643,0.03800869,0.049010515,0.047009706,0.057013035,0.048010826,0.058013201,0.062013865,0.064349174,0.064014196,0.065013885,0.067014933,0.064013958,0.079017401,0.071015358,0.098021507,0.082018375
170,0.078017235,0.086018801,0.075016975,0.077017069,0.078016758,,170,0.058012724,0.057012558,0.059013128,0.068015337,0.072265148,0.076016665,0.079017878,0.078017235,0.090019941,0.084018469,0.091019869,0.098021507,0.088020086,0.097021103,0.101022243,0.113025188,0.097316504,0.107023716,,170,0.0020003,0.0070014,0.00900197,0.010002136,0.013002396,0.021004915,0.020004272,0.028005838,0.023005009,0.03300786,0.033006191,0.030006647,0.034007549,0.036007643,0.038008213,0.045010328,0.042009115,0.047010183,0.057012558,0.05601263,0.05901289,0.05701232,0.063301802,0.071015596,0.074016333,0.072291613,0.086019516,0.071015596,0.083018541,0.085018635
175,0.076016665,0.091020107,0.093020678,0.080017567,0.077016592,,175,0.055011749,0.061289787,0.061265469,0.069015265,0.065014362,0.078016996,0.080017805,0.091020823,0.087018967,0.083018064,0.093020201,0.088020086,0.10802412,0.094020844,0.09402132,0.113025188,0.107023478,0.12002635,,175,0.0020003,0.004000902,0.008001804,0.009001732,0.016003847,0.021004915,0.018004179,0.028006077,0.030006647,0.035007715,0.032006979,0.033007383,0.033007145,0.041009188,0.048010588,0.041009188,0.043009758,0.048010588,0.052011251,0.061013699,0.05401206,0.057011843,0.060013533,0.068014383,0.079017639,0.07301569,0.080017328,0.076016426,0.087019205,0.093020439
180,0.08301878,0.079017639,0.079017878,0.084018707,0.078017235,,180,0.053011894,0.057012796,0.060013533,0.06301403,0.07001543,0.078016758,0.087019205,0.078016996,0.090019464,0.082017899,0.084018946,0.096020699,0.095020771,0.09702158,0.093021393,0.098022223,0.096021891,0.110024452,,180,0.0020003,0.005001307,0.0070014,0.010002375,0.012002707,0.015003443,0.019004345,0.020004511,0.028005838,0.027005911,0.0280056,0.034007072,0.039334059,0.044009447,0.039008617,0.042008638,0.045009851,0.049010277,0.056012869,0.065014362,0.062291622,0.057012558,0.061013222,0.06601429,0.073016167,0.080017567,0.074016094,0.087019444,0.082018375,0.077017307
185,0.083018541,0.086018801,0.090019941,0.078016996,0.079018116,,185,0.069015265,0.071015358,0.068014622,0.078016996,0.066015244,0.087018967,0.079017639,0.082018614,0.092020512,0.081017971,0.099022388,0.11730361,0.102022409,0.095020533,0.096020699,0.102023125,0.102022648,0.120026827,,185,0.0020006,0.005001307,0.007001162,0.010002136,0.012002707,0.021004438,0.017003536,0.020004511,0.02300477,0.031006336,0.040008545,0.031006575,0.047010183,0.038007736,0.042009115,0.04400897,0.048010349,0.054011822,0.062013626,0.05701232,0.072016001,0.058012962,0.069015026,0.072015762,0.069015265,0.074015856,0.072015762,0.079259157,0.088019371,0.096021175
190,0.089019775,0.080018282,0.080018044,0.080017805,0.081018209,,190,0.055012226,0.07001543,0.06801486,0.065014362,0.082018137,0.072015762,0.082018137,0.075016499,0.100022078,0.081017494,0.089019537,0.096021175,0.090278625,0.096020937,0.112024546,0.098021507,0.10402298,0.106023073,,190,0.0009999,0.005000353,0.007001638,0.010002136,0.01200223,0.015003681,0.022003889,0.026005507,0.024005175,0.033006907,0.031006575,0.041008949,0.037007809,0.040269852,0.040008545,0.048010111,0.049010992,0.063013792,0.051011324,0.061013699,0.067014694,0.063391924,0.068014622,0.068015337,0.073015928,0.083018541,0.081017733,0.080018282,0.087018967,0.080018282
195,0.082017422,0.082018137,0.086019039,0.088019371,0.079017639,,195,0.060012817,0.072016001,0.070014954,0.080017805,0.068015337,0.078322411,0.076016665,0.083283901,0.084018469,0.095020771,0.090019941,0.09902215,0.098021507,0.101022243,0.107023478,0.114025116,0.10802412,0.116025686,,195,0.003,0.00500083,0.007257223,0.012002468,0.013002634,0.017003298,0.018003702,0.021004438,0.024004936,0.026005745,0.030005932,0.032006741,0.035007238,0.041008949,0.042008638,0.042008877,0.049010754,0.048010826,0.051010847,0.063013315,0.066015005,0.058012486,0.063013792,0.07101512,0.079017401,0.076017141,0.078016758,0.090307474,0.078017235,0.085280895
200,0.080017567,0.090283871,0.090020418,0.081018686,0.081018209,,200,0.055012465,0.068015099,0.07301569,0.071016312,0.072015762,0.079018116,0.076016665,0.078016758,0.087018967,0.088019609,0.089020014,0.094020844,0.090019703,0.104022741,0.102022886,0.100022078,0.120027065,0.103022575,,200,0.0020001,0.004001379,0.008001566,0.011002302,0.012002468,0.016003609,0.018003941,0.021003962,0.024004698,0.027005911,0.032006979,0.03600812,0.036007404,0.039008856,0.041008949,0.044009447,0.047010183,0.048010349,0.061013222,0.054012299,0.057012796,0.07001543,0.074016571,0.070365191,0.069015741,0.072015762,0.077270508,0.088019371,0.085019112,0.102022171
205,0.080018282,0.082018614,0.08201766,0.082018614,0.083018303,,205,0.058012009,0.062013865,0.065014839,0.074015856,0.071266413,0.079315424,0.079017162,0.086019516,0.099021912,0.093020439,0.089019299,0.089019537,0.091020346,0.099267483,0.09702158,0.10402298,0.108024359,0.136030674,,205,0.0020001,0.005001307,0.007001162,0.010002136,0.018003702,0.015002966,0.022004604,0.021004915,0.028006554,0.036007404,0.037007809,0.03700757,0.036007881,0.038008213,0.041008949,0.044009686,0.046010017,0.052010536,0.059012651,0.07140398,0.067014694,0.072016239,0.063013554,0.078017473,0.073015928,0.076016188,0.081017971,0.083018303,0.086018562,0.104273796
210,0.089019775,0.09326148,0.086018801,0.085018873,0.094020844,,210,0.062013388,0.062013865,0.07301569,0.07536006,0.075016737,0.086018801,0.077017307,0.084018469,0.117026329,0.087019682,0.097021818,0.118026257,0.10602355,0.104023218,0.098022223,0.112262487,0.132314205,0.136030197,,210,0.0020003,0.005000591,0.008001804,0.010002375,0.014003038,0.023004532,0.025004864,0.021004915,0.024005413,0.027005911,0.032006979,0.037007809,0.043009281,0.050010443,0.043009281,0.044009447,0.049010277,0.056012154,0.062013626,0.06101346,0.06101346,0.060013533,0.072016001,0.064014196,0.081017733,0.079017878,0.081017971,0.09002018,0.09002018,0.088019133
215,0.093020678,0.093021154,0.084019184,0.083018064,0.089020014,,215,0.06301403,0.074016333,0.074016571,0.075016737,0.077017069,0.089258194,0.083018541,0.080017567,0.085018873,0.115025997,0.089020014,0.102023125,0.107023716,0.096262217,0.113025665,0.112025261,0.121026993,0.109285355,,215,0.0019996,0.004000664,0.007001877,0.011002064,0.013003349,0.023004532,0.026006222,0.023280382,0.030006409,0.029006481,0.03000617,0.039007902,0.036007404,0.039008856,0.041008949,0.05201149,0.052011013,0.065013885,0.062012911,0.058012247,0.06101346,0.061013937,0.073286057,0.069015265,0.072016001,0.074016094,0.081018448,0.089019775,0.082018137,0.105023623
220,0.094020844,0.09227562,0.098021984,0.087019205,0.083018303,,220,0.067014694,0.072015762,0.070015192,0.0822649,0.082017899,0.07601738,0.079016924,0.091020346,0.083018303,0.109024048,0.101022243,0.098022223,0.109024048,0.105023384,0.117025614,0.123269558,0.106297016,0.121027231,,220,0.0010002,0.006001234,0.008001804,0.011002779,0.013002872,0.022004843,0.019003391,0.024004936,0.025005102,0.028005838,0.030268192,0.033007145,0.040008545,0.042008877,0.045009613,0.045009375,0.057012558,0.061013222,0.057012558,0.06401372,0.064014196,0.064013958,0.073015928,0.069015026,0.077017546,0.07601738,0.07701683,0.098022461,0.088020325,0.098021984
225,0.084018707,0.094021082,0.091020346,0.093020439,0.100022316,,225,0.076017141,0.063014269,0.071016312,0.079017639,0.080017805,0.083018064,0.085019112,0.087019682,0.09002018,0.100022078,0.097021341,0.106260777,0.112025023,0.102022886,0.111269236,0.10602355,0.116025448,0.124027491,,225,0.0020003,0.005001307,0.008001804,0.011002302,0.01600337,0.020004034,0.026005268,0.026005983,0.025005579,0.029006004,0.042008638,0.036007643,0.045009375,0.040008307,0.058012724,0.051011086,0.054012299,0.05201149,0.056012392,0.057012558,0.069015026,0.07801652,0.072258711,0.089019299,0.081018686,0.097021103,0.077017069,0.100306511,0.08301878,0.09402132
230,0.094020605,0.108266354,0.090019703,0.093021154,0.087019444,,230,0.068014622,0.069014788,0.082017899,0.072301388,0.085018635,0.083018541,0.085018873,0.088019133,0.089020252,0.117316008,0.094020605,0.105023384,0.105023146,0.105023623,0.102022648,0.122027159,0.126028776,0.117026091,,230,0.0020006,0.005000353,0.0070014,0.010002136,0.019003868,0.016003847,0.018003702,0.027005196,0.027005672,0.035007477,0.033006907,0.034007549,0.03800869,0.054011583,0.04300952,0.054011345,0.059012651,0.053011417,0.068015099,0.06801486,0.061013699,0.069015026,0.077017546,0.074016571,0.077017784,0.082018375,0.077017069,0.099022627,0.083018303,0.115025997
235,0.100022316,0.104023933,0.087019682,0.110024214,0.094020844,,235,0.075015545,0.07301569,0.075016975,0.07801795,0.077017069,0.084018946,0.085019588,0.08501935,0.085253954,0.117025852,0.09402132,0.116025686,0.107023478,0.109024763,0.112274647,0.113025904,0.131029129,0.114025354,,235,0.0020001,0.005001307,0.007001638,0.0140028,0.014003277,0.018003941,0.025005102,0.023005486,0.026005745,0.029006243,0.032006502,0.039008617,0.043009043,0.041256428,0.053011656,0.052011728,0.057013273,0.062013388,0.06301403,0.06101346,0.071015596,0.06601429,0.073261499,0.078017712,0.078017235,0.090019941,0.089019775,0.095335245,0.10602355,0.095021248
240,0.095021009,0.110024452,0.086019516,0.09202075,0.098021507,,240,0.068014622,0.072016478,0.078017235,0.079257011,0.090019941,0.090020418,0.090020657,0.088020086,0.100023031,0.11102438,0.122027636,0.103023052,0.10402298,0.107263088,0.105023623,0.125028133,0.135030508,0.127288103,,240,0.0020003,0.005000353,0.011003017,0.011002302,0.013002634,0.017003536,0.020004034,0.030006409,0.026005507,0.032007456,0.032006741,0.035007715,0.047009945,0.049010515,0.046009779,0.049010277,0.05701232,0.053011894,0.065014362,0.064014196,0.062014103,0.075016499,0.086019039,0.073333263,0.080017567,0.09202075,0.08225131,0.10802412,0.1092875,0.108023882
245,0.097021341,0.09402132,0.092020273,0.091020584,0.088019133,,245,0.064013958,0.075016499,0.076016426,0.073016167,0.082278728,0.085018396,0.088018894,0.099309444,0.099261522,0.102022886,0.105023861,0.10802412,0.106024027,0.121026993,0.113025188,0.118026257,0.125359058,0.130028963,,245,0.0009999,0.00500083,0.009001493,0.012002468,0.014002562,0.022004604,0.023005009,0.024004698,0.026005983,0.029006481,0.039008617,0.038008451,0.046009302,0.049010515,0.053012371,0.053011656,0.051011562,0.060013294,0.067014217,0.067014933,0.07601738,0.080017805,0.075016975,0.081017733,0.07301569,0.088019848,0.082017899,0.084018946,0.092020273,0.103023291
250,0.106322289,0.095021248,0.088019848,0.105023623,0.102022409,,250,0.071015596,0.096021891,0.079017878,0.082018614,0.083018064,0.096021175,0.08301878,0.090020418,0.096021175,0.101022243,0.095020771,0.110024452,0.107023954,0.116025925,0.112024784,0.117026091,0.123027086,0.122027159,,250,0.0019999,0.005000591,0.011002064,0.011002302,0.018003702,0.018003702,0.020003796,0.024005175,0.027005672,0.035008192,0.038007975,0.039008617,0.038008213,0.045010328,0.054311514,0.052260637,0.05601263,0.05901289,0.073016167,0.072015524,0.076016903,0.073016167,0.079017878,0.07501626,0.074015856,0.078017235,0.087019444,0.091020107,0.089019537,0.089019775
255,0.096021175,0.09202075,0.099021912,0.102022648,0.091020584,,255,0.063013792,0.06801486,0.075016737,0.078017235,0.093020439,0.08301878,0.084018946,0.095021963,0.092020273,0.096268415,0.117026567,0.105022907,0.110024452,0.108024597,0.115025282,0.112025023,0.14203167,0.121026993,,255,0.0020001,0.005000591,0.008001089,0.011002064,0.014003515,0.018004179,0.030006647,0.02300477,0.027005911,0.031007051,0.038008213,0.038008928,0.044009686,0.051252842,0.05001092,0.050011158,0.060013294,0.065320253,0.063014269,0.070016623,0.076016903,0.071015596,0.070015907,0.091019869,0.085019112,0.090020895,0.099021196,0.10402298,0.09402132,0.091020346
260,0.129028559,0.096021652,0.093020439,0.099021435,0.09002018,,260,0.073016405,0.068015337,0.074016809,0.090019703,0.079017162,0.08727479,0.085018873,0.095021248,0.104022741,0.098020554,0.100022078,0.113025665,0.118304968,0.112025023,0.13027668,0.111025333,0.133029699,0.132029772,,260,0.0020003,0.005000591,0.008001328,0.011002302,0.016003847,0.018004179,0.0210042,0.024005651,0.028006077,0.035007477,0.039008856,0.036008358,0.041009188,0.043009281,0.049010277,0.054011345,0.057011843,0.055011988,0.068015099,0.072016001,0.069015503,0.069015741,0.072015524,0.086019278,0.077017069,0.090020657,0.098021984,0.087343693,0.090019703,0.098021746
265,0.117025852,0.099021912,0.10402298,0.092020988,0.093020916,,265,0.066014767,0.069015741,0.082018137,0.080018044,0.080017328,0.082017422,0.089019775,0.10102272,0.10602355,0.105023623,0.108024359,0.117025852,0.112025023,0.115286827,0.116025925,0.119026423,0.13903141,0.132029057,,265,0.0020003,0.007001162,0.008001328,0.014003038,0.021005154,0.019004345,0.021003485,0.032248735,0.027006149,0.033007622,0.040008545,0.037007809,0.048010588,0.046009779,0.046009541,0.059013128,0.062014103,0.067014933,0.06301403,0.064013958,0.071015835,0.074016094,0.084018469,0.083017826,0.07801795,0.086019278,0.095021248,0.094020844,0.110024214,0.093020916
270,0.103023052,0.101022243,0.100022078,0.099021912,0.098021507,,270,0.066014528,0.100022316,0.07301569,0.076016665,0.089019299,0.086018801,0.09002018,0.114025116,0.09902215,0.103264809,0.103023291,0.103023052,0.108024359,0.125028133,0.120027065,0.12102747,0.137030363,0.126027107,,270,0.0020006,0.00500083,0.008001566,0.014002562,0.020004272,0.021004438,0.025005341,0.025005579,0.028006077,0.040008307,0.038008213,0.042335749,0.04701066,0.044009924,0.046009779,0.051011086,0.058012724,0.06401372,0.059012651,0.065014362,0.075016975,0.080017805,0.076016665,0.083018541,0.08301878,0.086019039,0.10402298,0.099022627,0.099021673,0.099021912
275,0.114025354,0.099262476,0.096020937,0.109024525,0.105023146,,275,0.070016146,0.07301569,0.080017567,0.082018614,0.083018303,0.088019133,0.094020844,0.108023882,0.110024452,0.102022648,0.102022648,0.115026236,0.122027159,0.112025499,0.120026827,0.116026402,0.132029295,0.137031317,,275,0.0020003,0.005001307,0.00900197,0.012002945,0.016003609,0.022004843,0.024005413,0.031007051,0.032006741,0.035007954,0.040009022,0.045009613,0.049010515,0.044009447,0.054012299,0.051011086,0.068015099,0.06401372,0.061013699,0.06601429,0.076016903,0.070015669,0.094021559,0.076016426,0.08501935,0.092020512,0.086018801,0.090019703,0.12202692,0.099021673
280,0.100022316,0.105023384,0.095021248,0.106024027,0.101022482,,280,0.066014767,0.081017971,0.074016571,0.084018946,0.091020346,0.093020678,0.089020491,0.093020201,0.100022554,0.100022078,0.109024286,0.113025665,0.127028704,0.126028299,0.119026899,0.116026163,0.133029938,0.127281904,,280,0.0020001,0.007001162,0.009002209,0.01200223,0.021004438,0.018003941,0.024004936,0.03100729,0.028006315,0.032007456,0.040008307,0.040008783,0.055266619,0.05201149,0.05201149,0.053011656,0.063014269,0.07001543,0.066014767,0.064013958,0.067014694,0.070015192,0.083018303,0.089020014,0.092020273,0.08701992,0.087018967,0.110024691,0.100022554,0.116026163
285,0.117026567,0.102022886,0.103022814,0.106023788,0.103022337,,285,0.088019371,0.081017494,0.080017328,0.084018707,0.087019444,0.09002018,0.099022388,0.103022814,0.114025354,0.104276419,0.109024763,0.111025095,0.116025448,0.126027346,0.125027895,0.133029461,0.134030819,0.142031431,,285,0.0020003,0.008001804,0.010001898,0.015003204,0.016003609,0.018004179,0.022005081,0.026005507,0.028007269,0.035007477,0.047010422,0.039007902,0.048010826,0.047010422,0.057012081,0.058012724,0.055012226,0.069015741,0.074016571,0.064013958,0.069015503,0.076016188,0.081017733,0.093020439,0.082018137,0.093020678,0.092020512,0.123351336,0.103307009,0.104023457
290,0.097021818,0.110024452,0.110271454,0.107024193,0.099022388,,290,0.082017899,0.074016571,0.077017069,0.097022057,0.096021414,0.100022554,0.093308926,0.099021912,0.100022554,0.105023623,0.110023975,0.112025023,0.11502552,0.113025188,0.134029865,0.119026661,0.129029274,0.139030933,,290,0.0020008,0.007001638,0.008001328,0.015242815,0.022004604,0.024005175,0.022005081,0.035007477,0.029006004,0.033007145,0.04300952,0.040009022,0.042009115,0.053011417,0.051011801,0.054011822,0.065014601,0.062013626,0.070015192,0.075016499,0.072016239,0.073016405,0.077017307,0.086018801,0.099021435,0.108023882,0.093288422,0.105023623,0.096021414,0.107306004
295,0.110024691,0.103023052,0.098021507,0.105023146,0.105023146,,295,0.086391449,0.073016644,0.077017307,0.09902215,0.091020584,0.100022554,0.10102272,0.094278574,0.117376566,0.113025188,0.113025188,0.130028963,0.112025261,0.115269661,0.13203001,0.133029938,0.133029699,0.141031981,,295,0.0020003,0.0070014,0.011002064,0.012002707,0.016003609,0.020004272,0.022004843,0.034007549,0.031006336,0.032007217,0.039008856,0.049010754,0.043009043,0.046010017,0.053012133,0.054011345,0.066014528,0.064013958,0.071015835,0.06601429,0.080018282,0.086019516,0.078017235,0.088019609,0.089435816,0.089020014,0.091020346,0.103022575,0.097021341,0.112025261
300,0.101022243,0.114025831,0.119026661,0.110024929,0.099021912,,300,0.07001543,0.074258566,0.077017546,0.097022057,0.101022243,0.118026495,0.102022648,0.096021891,0.098021746,0.112025738,0.12202692,0.135030031,0.111025095,0.134029865,0.134029865,0.132029295,0.128028631,0.148335218,,300,0.0020001,0.005001307,0.009001017,0.012002468,0.02200532,0.019004345,0.022004366,0.033007145,0.029006004,0.035007477,0.045009136,0.039008856,0.043009281,0.052011013,0.055012465,0.060013294,0.061012983,0.060013056,0.064014196,0.071015358,0.087020159,0.078017235,0.086019039,0.081017971,0.09202075,0.087019444,0.09702158,0.100022316,0.104023218,0.109024048
305,0.121027231,0.107024431,0.111269712,0.108024597,0.117364645,,305,0.071015358,0.098022461,0.080018044,0.086019516,0.085285664,0.098279953,0.102023125,0.124027491,0.105023623,0.103023291,0.114025116,0.119322538,0.122027397,0.131029129,0.120027065,0.143272161,0.134336233,0.157034874,,305,0.0020003,0.008001328,0.009001732,0.019004345,0.015003443,0.023005009,0.030006886,0.032007217,0.02900672,0.038007736,0.037007809,0.039008141,0.046010733,0.053011656,0.051011562,0.065014362,0.059013128,0.073016644,0.07601738,0.074016094,0.077017307,0.077017546,0.086019278,0.088019609,0.085018873,0.108024597,0.101305246,0.106023788,0.097021341,0.102022886
310,0.114268303,0.112025261,0.109024525,0.112025261,0.100022793,,310,0.080362797,0.079018116,0.093020916,0.097021341,0.108024359,0.099022388,0.101023197,0.105306387,0.111024857,0.115025759,0.120027304,0.128029108,0.137030602,0.132029295,0.135030031,0.14203167,0.152034044,0.143031836,,310,0.0020003,0.008000374,0.00900197,0.013002396,0.023005009,0.019004107,0.024005413,0.027006149,0.030006886,0.038008928,0.047010422,0.051011086,0.044010401,0.047010183,0.054011822,0.061280251,0.06801486,0.064013958,0.08327508,0.073016167,0.078017712,0.079017162,0.078017235,0.097021818,0.087019205,0.107023716,0.096021652,0.10802412,0.111024618,0.107023716
315,0.102023602,0.110024691,0.123027802,0.109024048,0.110024691,,315,0.081018209,0.081018209,0.096021175,0.084277153,0.088019848,0.119026423,0.102023125,0.101022959,0.114336014,0.123027325,0.121027946,0.130028725,0.123027086,0.13430047,0.130028963,0.134029627,0.14603281,0.144032001,,315,0.0030012,0.00500083,0.00900197,0.019003868,0.017003775,0.019004583,0.034007072,0.032007694,0.031006813,0.038008213,0.042009592,0.041009426,0.04501009,0.057013035,0.052011251,0.055011749,0.059013128,0.067014694,0.074016571,0.080018044,0.083018541,0.085019112,0.082018137,0.091020346,0.099022388,0.091020823,0.122027636,0.106023788,0.103023052,0.103023052
320,0.109024763,0.113025427,0.10602355,0.110024452,0.104023457,,320,0.083019018,0.105023384,0.083018064,0.086019516,0.104286194,0.109024048,0.100260258,0.103023052,0.103022337,0.111025095,0.125028372,0.123027086,0.128028393,0.130028725,0.12802887,0.141031027,0.136029959,0.134029388,,320,0.0020006,0.008001566,0.014003038,0.013002634,0.019004583,0.020004511,0.023005486,0.027006149,0.029298782,0.043009996,0.039008856,0.050302267,0.054012299,0.048010826,0.059013605,0.055012465,0.058012962,0.06301403,0.06801486,0.071015835,0.079017401,0.093020439,0.088019371,0.083017826,0.088020086,0.101022482,0.099021673,0.125027657,0.124027729,0.107023716
325,0.108024359,0.111024857,0.140031338,0.110024452,0.118026018,,325,0.076017141,0.081018209,0.096021891,0.093021393,0.10802412,0.107023954,0.106023073,0.105023384,0.107023239,0.119026184,0.114294052,0.122027397,0.133029461,0.124027252,0.123027086,0.152034044,0.142299175,0.15930891,,325,0.0020003,0.005001307,0.010001898,0.014247656,0.016003609,0.022005081,0.02400589,0.028006077,0.030005693,0.045009851,0.046010256,0.041008472,0.045010328,0.048010349,0.057013035,0.064013958,0.065014601,0.073016405,0.074016809,0.092020512,0.081017971,0.088019371,0.092277527,0.088019609,0.093020439,0.100021839,0.114025116,0.110025167,0.128029346,0.108023882
330,0.105023384,0.124027252,0.10402298,0.123317719,0.111024618,,330,0.078017712,0.081017494,0.089019299,0.095265627,0.090020418,0.105023384,0.099021673,0.101022482,0.116025686,0.116025925,0.118026018,0.141031027,0.13203001,0.139030695,0.134029627,0.14027071,0.144032001,0.163036346,,330,0.0030017,0.006001472,0.009002209,0.013002872,0.017004013,0.020004511,0.023005486,0.028006077,0.033007145,0.04300952,0.05201149,0.050010681,0.045010328,0.055278063,0.057275772,0.055012226,0.068015099,0.076017141,0.08301878,0.074016809,0.084018707,0.096280575,0.08901906,0.096021175,0.093020678,0.124027491,0.099021912,0.110024214,0.118026257,0.105023146
335,0.105023384,0.114274025,0.113024712,0.106024027,0.105023146,,335,0.073016644,0.083018064,0.085018873,0.099021912,0.09002018,0.097021341,0.100022316,0.103022814,0.108023643,0.114024878,0.116026163,0.116025448,0.127028227,0.132286787,0.137030363,0.135030031,0.153034449,0.141031265,,335,0.0020006,0.006001472,0.011002302,0.013002634,0.024005413,0.027006388,0.024005651,0.035007715,0.031296968,0.049010277,0.043009758,0.046010494,0.052258492,0.04901123,0.058012724,0.056012392,0.064013958,0.072016001,0.082018375,0.080317497,0.075017214,0.078016996,0.089019775,0.098280668,0.09402132,0.104023933,0.096020937,0.104265451,0.104023218,0.111024141
340,0.108023643,0.120026827,0.121323109,0.107023954,0.105023384,,340,0.098300457,0.081017971,0.094020844,0.101022243,0.091020107,0.108023882,0.109024048,0.113025188,0.107314348,0.117025852,0.126028061,0.128028393,0.132029295,0.133029699,0.130301237,0.135030031,0.153033972,0.160036087,,340,0.0019999,0.006001472,0.009002209,0.014003277,0.019004107,0.025005341,0.024004698,0.029006481,0.032007217,0.045009851,0.048010349,0.044009924,0.050010681,0.059012413,0.066014528,0.065014124,0.06301403,0.084018469,0.099021912,0.081017971,0.081017971,0.095021248,0.102022886,0.09702158,0.095268965,0.104022741,0.107023716,0.120027304,0.12202692,0.116026402
345,0.126028299,0.116025925,0.115025759,0.108024359,0.108024359,,345,0.088020325,0.090020418,0.097021103,0.089020014,0.092020035,0.122307301,0.10602355,0.10802412,0.113025188,0.11502552,0.124274731,0.14403224,0.126291037,0.141031504,0.13703084,0.158034563,0.151289225,0.173038721,,345,0.0020003,0.006001234,0.010002375,0.013002872,0.021004677,0.021004677,0.024005175,0.028006554,0.042008877,0.05001092,0.047009945,0.048010349,0.056012392,0.057270288,0.060013294,0.058012247,0.061012983,0.083018541,0.07001543,0.083018303,0.094020605,0.087019682,0.104022503,0.087019205,0.109024048,0.107023716,0.103022337,0.109023809,0.133030176,0.110024452
350,0.107023954,0.138030767,0.110024929,0.109268427,0.11502552,,350,0.088019371,0.092020512,0.084018946,0.088019848,0.105023384,0.106023788,0.118026495,0.106023788,0.110024691,0.113301754,0.124027967,0.152034044,0.136030436,0.153033972,0.143032074,0.142032146,0.15603447,0.151033878,,350,0.0020008,0.006001234,0.010002375,0.014003277,0.01700449,0.021004677,0.032006979,0.028006554,0.033314943,0.03600812,0.040008783,0.053292274,0.047010422,0.051010847,0.063013792,0.059013605,0.080017805,0.083018541,0.072015762,0.072015762,0.085018873,0.083018064,0.104023695,0.096021175,0.107023716,0.098021746,0.115025759,0.103022814,0.111024618,0.108023882
355,0.10802412,0.131029129,0.11302495,0.112024784,0.117026329,,355,0.083019018,0.101022243,0.085018635,0.095021486,0.093259096,0.101022482,0.104023695,0.105023146,0.124027967,0.129029274,0.126028538,0.147032738,0.127028465,0.16203618,0.136030436,0.176038742,0.154034376,0.164294481,,355,0.0020006,0.006001472,0.010002136,0.0140028,0.017004013,0.021004677,0.024004936,0.029006481,0.043009758,0.036008358,0.047010183,0.047010183,0.058012486,0.061013222,0.059013128,0.077016592,0.064014196,0.073016167,0.08201766,0.081017256,0.087019682,0.089019537,0.091020107,0.096356869,0.098021507,0.108023882,0.102022886,0.127293587,0.117026329,0.122027874
360,0.122027397,0.116025448,0.112272024,0.119026184,0.116327524,,360,0.078275681,0.101022482,0.09202075,0.116025686,0.096021414,0.130028963,0.119309664,0.114025116,0.112025023,0.137030602,0.124028206,0.144032478,0.129028559,0.154276133,0.142031193,0.136030674,0.143031597,0.154034138,,360,0.0030003,0.009256363,0.013001919,0.0140028,0.021004677,0.022004366,0.025004864,0.029006481,0.033007145,0.048010111,0.046010256,0.054011583,0.056012154,0.054011583,0.067014694,0.060013533,0.069299698,0.073015928,0.073016167,0.077017784,0.082018375,0.099022388,0.100022554,0.09002018,0.106024027,0.097292423,0.101022482,0.11502552,0.127027988,0.12802887
365,0.127028227,0.119026423,0.117026567,0.118026257,0.115025759,,365,0.084019184,0.083018303,0.09002018,0.113025427,0.105022907,0.105023146,0.104023457,0.127285719,0.13503027,0.116026402,0.129028797,0.129028797,0.136030674,0.131029129,0.165304899,0.136030197,0.166036129,0.148032665,,365,0.0020001,0.007001162,0.013002396,0.014003277,0.018003941,0.023004532,0.025005102,0.034007311,0.036007643,0.037008047,0.042009115,0.051011324,0.048010349,0.060013533,0.056012392,0.064014435,0.076016665,0.077017069,0.087019682,0.08201766,0.081017494,0.085316658,0.098324537,0.109024763,0.099022865,0.108023882,0.10602355,0.116025925,0.125027895,0.125344992
370,0.125027657,0.131029844,0.127028465,0.113025188,0.141031504,,370,0.085018873,0.083018303,0.087019682,0.104022503,0.101022482,0.113025188,0.113025188,0.109024048,0.125027895,0.119026423,0.127372503,0.124027252,0.134030104,0.133029938,0.160035372,0.156034231,0.148032665,0.162035942,,370,0.0030003,0.006001472,0.010002375,0.018003702,0.018003702,0.027005672,0.032006979,0.032006741,0.033007145,0.044010162,0.041009426,0.045009375,0.048011065,0.072016001,0.056012154,0.071015835,0.067014933,0.081017733,0.083019495,0.080016851,0.09702158,0.084018707,0.095021009,0.107023478,0.117026091,0.115025997,0.102022648,0.116026163,0.145032883,0.119026423
375,0.126273632,0.118026495,0.119026899,0.133283615,0.126028061,,375,0.086019039,0.084018946,0.091020346,0.09702158,0.110264301,0.103023767,0.113025427,0.123027086,0.12002635,0.131029367,0.133029699,0.125027895,0.140321255,0.140031099,0.144032001,0.149032831,0.149299383,0.16903758,,375,0.0020003,0.006001472,0.010001659,0.014003277,0.018004179,0.026005268,0.026005507,0.03600812,0.037007809,0.037007809,0.042009115,0.050011158,0.051254749,0.062013388,0.060013056,0.06601429,0.069015265,0.087018967,0.097021818,0.086270571,0.097021818,0.093020678,0.102023125,0.095021486,0.09702158,0.111024618,0.119026184,0.122027397,0.123027325,0.127028942
380,0.141031504,0.125028372,0.130028963,0.125028133,0.119026184,,380,0.078265429,0.091019869,0.108023882,0.100022078,0.109024525,0.132029533,0.109024286,0.131029367,0.121026754,0.136030197,0.131029129,0.137030363,0.132029057,0.143031597,0.154034138,0.150033474,0.172038555,0.156035185,,380,0.0020003,0.006001711,0.010002375,0.014003277,0.022004843,0.022004604,0.026005268,0.036007881,0.043009996,0.039008141,0.042008877,0.047010183,0.051011562,0.060013771,0.058012962,0.075017214,0.070015907,0.07601738,0.073016405,0.100022316,0.095021248,0.090019941,0.097021341,0.111025095,0.104023218,0.119026184,0.123376131,0.108023882,0.119027138,0.133030415
385,0.127028465,0.120307446,0.117026567,0.124027491,0.118026495,,385,0.094020605,0.099021912,0.096020937,0.099021912,0.101022243,0.11302495,0.120026588,0.134029627,0.124027967,0.125318289,0.135030031,0.132029772,0.142031908,0.141330719,0.156034708,0.170304537,0.173038721,0.163036108,,385,0.003,0.0070014,0.010002613,0.0140028,0.01900363,0.02200532,0.026005745,0.033007145,0.038007975,0.049010515,0.042009115,0.056298256,0.057013035,0.062013388,0.057012081,0.06401372,0.073016167,0.075016499,0.073016405,0.077017307,0.082018137,0.088019371,0.094020605,0.100022316,0.098021746,0.113289595,0.125027418,0.118026257,0.113024712,0.116025686
390,0.132029295,0.125027895,0.125027418,0.136030674,0.119026423,,390,0.090019226,0.10402298,0.108024359,0.102022409,0.108023643,0.112025023,0.116024971,0.12902832,0.121026993,0.123027802,0.135030508,0.149286509,0.153034449,0.170038462,0.152034044,0.14403224,0.163036585,0.164036751,,390,0.0020003,0.0070014,0.010002613,0.0140028,0.026005745,0.023005486,0.026006937,0.031006575,0.037007809,0.04501009,0.050010681,0.046010017,0.071015596,0.059013128,0.06601429,0.065014601,0.074016571,0.086019039,0.088019609,0.078016996,0.089019775,0.098278522,0.100021839,0.105023384,0.098022223,0.102022886,0.114025354,0.125027895,0.121026993,0.141031027
395,0.131029129,0.130029202,0.139031172,0.126028061,0.116025925,,395,0.087019682,0.097287655,0.117026091,0.101022482,0.126028061,0.10802412,0.113025427,0.147032499,0.131029606,0.123027563,0.139030695,0.131274223,0.155034542,0.168037653,0.171295166,0.156034946,0.157035112,0.180039883,,395,0.0030003,0.007001162,0.009001732,0.015002966,0.018003941,0.023005009,0.027006149,0.040274382,0.045010328,0.042009115,0.051011324,0.051011562,0.058013201,0.062014103,0.067014217,0.065014362,0.066014528,0.08301878,0.079016924,0.102023363,0.085018635,0.088019133,0.092270851,0.120026588,0.116025686,0.124028206,0.109023571,0.124027491,0.125353813,0.144032478
400,0.136030674,0.139030933,0.159287214,0.119026184,0.120283365,,400,0.100022316,0.089020252,0.097022057,0.105023384,0.10727644,0.106024027,0.125028372,0.111024618,0.141031504,0.127028227,0.136379242,0.139281273,0.167037487,0.160036087,0.164321899,0.174039364,0.161035776,0.176039696,,400,0.0030003,0.006000996,0.011003017,0.019003868,0.019003868,0.031006575,0.031006575,0.031007051,0.038008213,0.03800869,0.049010515,0.047009945,0.050010681,0.05901289,0.064013958,0.07001543,0.067014456,0.089020014,0.079017878,0.079018116,0.107023239,0.098021746,0.101022243,0.09702158,0.110024929,0.117026567,0.11502552,0.132029295,0.125309944,0.133030415
405,0.143032312,0.127028227,0.126266479,0.138031244,0.118026495,,405,0.084018469,0.099021673,0.102022409,0.11102438,0.114025831,0.113025188,0.129029036,0.120027304,0.129268646,0.164036989,0.159330606,0.14603281,0.147032738,0.153034449,0.153034925,0.154034138,0.152034521,0.16703701,,405,0.0030005,0.006000757,0.015003204,0.014002085,0.019003391,0.0280056,0.027005672,0.039008379,0.035007954,0.040008783,0.05001092,0.047010422,0.051010847,0.064014196,0.066014767,0.067015171,0.077017069,0.074016333,0.086019516,0.079017878,0.098021984,0.101022482,0.110024691,0.096021652,0.11302495,0.107023954,0.119026184,0.134029627,0.143031836,0.142032146
410,0.140031338,0.134030342,0.12302804,0.142031908,0.11802578,,410,0.094020844,0.102022886,0.107023239,0.112025499,0.128028393,0.119027138,0.118026495,0.139030695,0.147033215,0.148033381,0.144032478,0.146032572,0.157035112,0.151033401,0.149033546,0.155034542,0.163036346,0.171038151,,410,0.0020003,0.006001472,0.011002779,0.015003443,0.019004107,0.030006409,0.027006149,0.043009281,0.038008213,0.044009447,0.060013294,0.047266245,0.05801177,0.05601263,0.075016499,0.076016903,0.074016571,0.082017899,0.088020086,0.092280388,0.086019278,0.108024359,0.110024691,0.108024359,0.11102438,0.114025116,0.121027231,0.122028112,0.123027325,0.157035589
415,0.130028963,0.124027967,0.13903141,0.138031244,0.148033381,,415,0.105023623,0.13203001,0.094021559,0.105022907,0.110024452,0.116025925,0.115265608,0.123027086,0.127028704,0.128028631,0.134030104,0.161036253,0.164318323,0.165036201,0.159035683,0.181040287,0.159035444,0.177039623,,415,0.0020006,0.007001638,0.015002728,0.022005081,0.019004583,0.035007238,0.027005672,0.038008213,0.044009924,0.04000926,0.046010494,0.052011251,0.057012558,0.064014435,0.065014601,0.086018801,0.073015451,0.077017546,0.079018593,0.098267317,0.089019775,0.111024857,0.103023291,0.100354671,0.123026848,0.115025759,0.124027729,0.128028631,0.121026516,0.121026754
420,0.122027636,0.136030674,0.13903141,0.138327122,0.131028891,,420,0.08501935,0.114025354,0.107023954,0.100022793,0.117026091,0.119026899,0.113025904,0.130029202,0.129028559,0.133029938,0.13903141,0.151033878,0.145306826,0.145032167,0.153033972,0.15803504,0.163319826,0.179039717,,420,0.0019999,0.007001638,0.011001825,0.015003443,0.027005911,0.027006149,0.03000617,0.032007456,0.040008307,0.04000926,0.058296919,0.053011656,0.064014196,0.07001543,0.068015099,0.07101512,0.087019444,0.077017307,0.085018873,0.091020346,0.109023809,0.091020584,0.104023457,0.113324642,0.119363785,0.114025116,0.120026827,0.118026495,0.119026423,0.121026993
425,0.137276649,0.138030529,0.134029627,0.124028206,0.12202692,,425,0.08701992,0.095020533,0.098268986,0.111296892,0.121026516,0.111024618,0.120027065,0.135271788,0.131029367,0.157035351,0.153033972,0.158034801,0.159035444,0.155034781,0.160035849,0.151033878,0.159324884,0.177039385,,425,0.0020001,0.010002136,0.011002302,0.015003443,0.019003868,0.023005486,0.039007425,0.032007456,0.039008856,0.04000926,0.045010328,0.049010754,0.05201149,0.071015596,0.066015244,0.072015762,0.085019112,0.078017473,0.083018541,0.092020988,0.088019848,0.10402298,0.096021652,0.104023218,0.105023623,0.117026329,0.117314339,0.125298262,0.133029461,0.149274111
430,0.131276608,0.138030767,0.130029202,0.138031244,0.123027802,,430,0.094021559,0.10102272,0.103023291,0.112025738,0.126028061,0.134290218,0.137030125,0.125281811,0.126028538,0.140030861,0.150032997,0.147033215,0.158293009,0.161036491,0.180040121,0.159034967,0.178336859,0.166037321,,430,0.003,0.010001659,0.011002541,0.015003204,0.020004272,0.026005507,0.031006575,0.036290169,0.038008451,0.045009613,0.051011562,0.052011251,0.058013201,0.062013388,0.062013626,0.079017639,0.070015907,0.078017473,0.081018209,0.093021154,0.092020988,0.102022648,0.098021984,0.102022886,0.114024878,0.108023882,0.133029461,0.143279552,0.130028725,0.133268595
435,0.12302804,0.140323162,0.159035683,0.148032665,0.140030861,,435,0.09202075,0.109024048,0.098022461,0.103023529,0.109024763,0.130028963,0.123027086,0.127281904,0.147032976,0.134029865,0.148032904,0.153033972,0.158288956,0.15303421,0.163036346,0.16003561,0.170037746,0.177039623,,435,0.0030003,0.006001711,0.011002302,0.018003702,0.020004511,0.024005175,0.029006958,0.033007622,0.037008524,0.05001092,0.048010826,0.04901123,0.054011583,0.062014103,0.063014269,0.071015835,0.07801795,0.075016975,0.084018707,0.097021103,0.089020014,0.116025448,0.097021818,0.12202692,0.106024027,0.131029367,0.117025852,0.143305063,0.141031504,0.133307934
440,0.140031099,0.144032001,0.127365112,0.140030861,0.134030342,,440,0.088020086,0.094264984,0.103023052,0.125028133,0.111270189,0.144032478,0.12202692,0.128279448,0.141031504,0.152034044,0.141031504,0.148032665,0.153285503,0.158035755,0.173038721,0.154034138,0.17503953,0.18204093,,440,0.0020006,0.007000923,0.015003443,0.015003443,0.021004677,0.02400589,0.037008047,0.033007622,0.037008286,0.041009426,0.046010971,0.060013294,0.054011583,0.058013201,0.080017805,0.069015503,0.079018354,0.076016665,0.086019278,0.087019444,0.096021414,0.102022409,0.111024857,0.108023643,0.109024525,0.123026848,0.133029699,0.131273746,0.140031338,0.147333622
445,0.135029554,0.137030363,0.127288103,0.137031078,0.134030104,,445,0.095021009,0.110024929,0.099021912,0.113024712,0.10926795,0.12002635,0.128028393,0.137273312,0.130028725,0.144031763,0.144032001,0.147033215,0.178333998,0.16203618,0.179039955,0.173038721,0.169038057,0.181040764,,445,0.003001,0.006001234,0.011002779,0.016003847,0.02900672,0.026006222,0.035007477,0.038008451,0.040008307,0.042009592,0.058012247,0.054011822,0.057012558,0.059013367,0.064014673,0.070015907,0.086019039,0.082018137,0.092020273,0.096020699,0.097270727,0.098021984,0.108024359,0.105023384,0.112024546,0.114025831,0.137030125,0.145273447,0.138030767,0.137329578
450,0.149033546,0.127027988,0.138030529,0.137030363,0.133029938,,450,0.095021009,0.113025904,0.102022409,0.11302495,0.124027729,0.117026329,0.128028631,0.121269941,0.14203167,0.154033899,0.152033806,0.155034542,0.152318716,0.15603447,0.175039291,0.197044611,0.174287796,0.179039717,,450,0.0030007,0.007001162,0.011002779,0.019004107,0.024005175,0.025005102,0.02900672,0.033007622,0.046010256,0.051011324,0.050011873,0.050011158,0.058012724,0.07701683,0.06801486,0.071279764,0.085018873,0.076016665,0.081018448,0.091020107,0.096020937,0.101022482,0.105023146,0.133029222,0.129028559,0.118026257,0.135030031,0.150321007,0.143031597,0.157316685
455,0.140031576,0.13703084,0.133028507,0.142031431,0.141031265,,455,0.096281528,0.103023529,0.103023052,0.11802578,0.116025448,0.112024784,0.14903307,0.128286362,0.137030363,0.141031265,0.140031099,0.149032831,0.150296926,0.178039789,0.160036325,0.172038317,0.2172997,0.177039385,,455,0.0030005,0.010001898,0.011002779,0.018003464,0.020004749,0.033006907,0.030006409,0.033006907,0.044009686,0.042009354,0.054011822,0.060012817,0.060013294,0.059013128,0.077017546,0.073016167,0.083321095,0.097021341,0.084018946,0.103023291,0.097021818,0.095020771,0.107023716,0.108024359,0.123027086,0.135316372,0.120026827,0.142315626,0.147032261,0.141031265
460,0.139030933,0.144031763,0.146032572,0.139031887,0.142031908,,460,0.105267763,0.121026754,0.107023716,0.108023882,0.122027159,0.11802578,0.133029699,0.139031172,0.144032478,0.15103364,0.150033712,0.150033474,0.166285753,0.185041666,0.183040857,0.166037321,0.178291321,0.188305855,,460,0.0030007,0.007001638,0.011002302,0.016003609,0.027005434,0.024005413,0.038008928,0.050011396,0.038008451,0.05001092,0.050010204,0.051011324,0.061013699,0.081279516,0.065014601,0.07701683,0.080301046,0.088020086,0.089019775,0.116025448,0.101022482,0.104022264,0.103023291,0.110024214,0.131029367,0.1232934,0.121026754,0.12531209,0.135030031,0.154034376
465,0.143032789,0.144032478,0.138030767,0.144032001,0.140032053,,465,0.104268074,0.098021507,0.122027159,0.124027729,0.118026018,0.134029865,0.129029036,0.148033381,0.157034397,0.159035206,0.146032333,0.161035776,0.164288521,0.160035849,0.172038317,0.16603756,0.186283112,0.196044207,,465,0.003001,0.007001638,0.011002779,0.022004843,0.024005175,0.025005579,0.029006004,0.044009209,0.045009613,0.042009115,0.051011086,0.062013626,0.066015005,0.065014124,0.068015099,0.072015524,0.076016426,0.079017878,0.086019278,0.096021652,0.093020916,0.10402298,0.118026257,0.124027252,0.125027657,0.123288155,0.13503027,0.151309967,0.148032904,0.143032074
470,0.143032074,0.179039955,0.133983612,0.151033163,0.149033546,,470,0.096021414,0.111025095,0.107024908,0.117026091,0.123027563,0.128028631,0.136030436,0.145032644,0.174038649,0.150033474,0.160036087,0.159277439,0.164036512,0.155034781,0.16703701,0.169037819,0.176323414,0.197043896,,470,0.0030003,0.007001638,0.013002634,0.023004055,0.020004988,0.028005838,0.031006813,0.036007404,0.039008379,0.051010847,0.051011324,0.058012724,0.061013222,0.061013222,0.083018541,0.07001543,0.078017712,0.078016996,0.085018873,0.089019299,0.100021839,0.098021984,0.102022886,0.113025427,0.115025759,0.138287306,0.13503027,0.150303602,0.135029793,0.161035776
475,0.138030767,0.144032001,0.138031006,0.168279409,0.133285761,,475,0.107023478,0.105023146,0.103319407,0.108023882,0.121026754,0.137030363,0.129028082,0.134030342,0.137030363,0.163036108,0.158035517,0.151270151,0.157035112,0.157034874,0.170037985,0.167037487,0.16903758,0.206046343,,475,0.0030005,0.0070014,0.017003775,0.017003536,0.027243137,0.028006077,0.033007145,0.035008192,0.049010754,0.046010256,0.054012299,0.060013771,0.071015596,0.069015265,0.067014456,0.071015835,0.084018469,0.092291117,0.096021175,0.096021175,0.103023291,0.105023623,0.121026754,0.117025852,0.119026423,0.126286268,0.120027065,0.124027252,0.143031836,0.133029222
480,0.144032001,0.148032904,0.152034044,0.151272058,0.152279139,,480,0.100022316,0.12002635,0.109289885,0.117025852,0.129028559,0.138031006,0.130029678,0.137030602,0.141031265,0.150033951,0.147032976,0.164297342,0.184041023,0.173038483,0.168037653,0.18904233,0.173038721,0.191042185,,480,0.0030005,0.007001638,0.012002468,0.016003847,0.022005081,0.032007933,0.030006886,0.043009281,0.043009281,0.047010422,0.057013273,0.054011583,0.065014124,0.063013792,0.088019371,0.079017639,0.08501935,0.090019941,0.089019299,0.089280844,0.106023312,0.118272305,0.113024712,0.118026257,0.125027418,0.117307186,0.138030291,0.130029678,0.140031338,0.14403224
485,0.142031431,0.142032146,0.169037342,0.148033142,0.150033236,,485,0.092020273,0.113025188,0.131318569,0.133029461,0.136030197,0.141031504,0.137030125,0.137030125,0.138031006,0.163341999,0.172038555,0.165036917,0.161036015,0.1910429,0.171038628,0.1700387,0.176039219,0.177039623,,485,0.003,0.0070014,0.015002966,0.017003775,0.022004843,0.025005579,0.030006647,0.036007166,0.039009333,0.048010588,0.060013056,0.065014124,0.066014767,0.072015762,0.071015596,0.071015358,0.07601738,0.097021818,0.091020107,0.099021912,0.122027397,0.123305559,0.119274855,0.109024763,0.126027584,0.125310659,0.130029202,0.143032312,0.132028818,0.132029772
490,0.165328264,0.143032074,0.146032572,0.153034687,0.137031078,,490,0.095021486,0.109024048,0.113025427,0.121026993,0.125027657,0.138375998,0.142031431,0.14203167,0.17903924,0.173370123,0.168037891,0.174038887,0.162036657,0.168037415,0.177039623,0.186041594,0.180040598,0.178276062,,490,0.0030005,0.007001638,0.017004013,0.019003868,0.022005081,0.026005745,0.038008928,0.048010826,0.049010992,0.044010162,0.062013865,0.053011417,0.060013294,0.072015762,0.077017784,0.078313589,0.082018137,0.087018728,0.101022243,0.098021507,0.109024286,0.107298613,0.125027418,0.118026257,0.133029938,0.130028725,0.130028963,0.140031099,0.163293123,0.143032312
495,0.143335819,0.141330242,0.142032385,0.150033951,0.139031172,,495,0.094021082,0.113025188,0.109024286,0.131029367,0.140031338,0.125430822,0.128028154,0.130028963,0.13503027,0.148033142,0.167340994,0.164037228,0.163037062,0.165037155,0.192043066,0.179039955,0.174038887,0.189042091,,495,0.0030005,0.0070014,0.015003681,0.017003536,0.021004915,0.027005911,0.030006647,0.046010733,0.049010515,0.055012465,0.050011635,0.063306093,0.061013222,0.069015265,0.07001543,0.072016001,0.076017141,0.096021414,0.101022243,0.09428525,0.101309776,0.103276491,0.111025095,0.120306015,0.114025116,0.125027895,0.128315926,0.15103364,0.147033215,0.170037985
500,0.147032738,0.139269114,0.151033878,0.156035185,0.154034615,,500,0.096021414,0.104317188,0.106281042,0.11502552,0.128028154,0.134423733,0.127028465,0.155035257,0.143270016,0.148032665,0.172360897,0.15803504,0.157035112,0.169037819,0.167036772,0.167037249,0.190042496,0.186041832,,500,0.0030005,0.010002136,0.017003775,0.025005341,0.023005009,0.026005268,0.039007902,0.041008711,0.051011086,0.05901289,0.050010443,0.055011749,0.07701683,0.069015741,0.069015026,0.082351208,0.087019205,0.094021082,0.10102272,0.097021818,0.100022316,0.136030197,0.11302495,0.122354746,0.126027822,0.148033381,0.131293535,0.15903616,0.147032738,0.136367083
